schemeId,schemeName,schemeLevel,state,category,department,beneficiaryType,targetGroup,genderEligible,ageLimit,minAge,maxAge,casteEligible,incomeRuleType,incomeLimit,maxIncomeINR,maritalStatus,occupationEligible,eligibility,otherEligibilityCriteria,benefitType,benefits,allBenefitsDescription,benefitAmount,benefitFrequency,applicationMode,applicationDeadline,officialApplyLink,officialSource,importantDocuments,requiredDocuments,remarks
SOC-001,Deendayal Antyodaya Yojana – National Urban Livelihoods Mission (DAY-NULM),Central,All States,Livelihood / Urban Development,Ministry of Housing & Urban Affairs (MoHUA),Urban Poor / SHGs,"Urban Poor, Street Vendors, Self-Help Groups, Women",All,18+,18,,All (priority to SC/ST/OBC/Minorities),BPL / SECC,BPL / SECC listed,,Any,"Urban Poor, SHG Members, Street Vendors",Urban poor identified via SECC/ULB lists; SHGs and community groups; implemented via Municipal Corporation,Must be resident of urban area; identified by Urban Local Body,Skill Training / Financial Assistance / Infrastructure,Community event & training funding; SHG support; skill training + placement; urban street vendor support; credit access,"Provides funding for community events and training programs, supports self-help groups (SHGs), offers skill training with placement assistance, and supports urban street vendors with livelihood options.","Varies by component (subsidy, loan, training support)",Ongoing / As per scheme component,Offline (via ULB / Municipal Corporation),Rolling / Ongoing,https://nulm.gov.in/,https://nulm.gov.in/,"Aadhaar Card, BPL/SECC Certificate, Bank Passbook","Aadhaar Card, Address Proof, BPL Certificate, Photograph, Bank Account Details","Implemented via Municipal Corporations. Also covers green jobs (waste management, recycling)."
SOC-002,PM SVANidhi – PM Street Vendor's AtmaNirbhar Nidhi,Central,All States (Urban Areas),Livelihood / Micro-Credit,Ministry of Housing & Urban Affairs (MoHUA) / Department of Financial Services,Street Vendors,"Urban Street Vendors, Hawkers, Thelewalas",All,18+,18,,All,No income limit,No income limit,,Any,Street Vendors only,Street vendors in urban areas who were vending on/before 24 March 2020; must have vending certificate/ID or Letter of Recommendation from ULB/TVC,Applicable only in States/UTs that have notified rules under Street Vendors Act 2014,Loan / Subsidy / Digital Incentive,Collateral-free working capital loan; interest subsidy 7% p.a.; digital transaction cashback up to ₹100/month; capacity building,"Provides working capital loans: ₹15,000 (1st tranche), ₹25,000 (2nd tranche), up to ₹50,000 (3rd tranche). Interest subsidy of 7% p.a. credited quarterly via DBT. Cashback for digital transactions. Extended till March 2030.","₹15,000 – ₹50,000 (loan; tiered)",One-time loan per tranche; renewed on repayment,Online (pmsvanidhi.mohua.gov.in) / Offline via CSC,March 2030,https://pmsvanidhi.mohua.gov.in/,https://pmsvanidhi.mohua.gov.in/,"Aadhaar Card, Vending Certificate / ULB ID / Letter of Recommendation","Aadhaar Card, Vending Certificate or ID issued by ULB, Bank Account Details, Mobile Number",Loan restructured in August 2025. Scheme active till March 2030. No collateral required.
SOC-003,National Urban Digital Mission (NUDM),Central,All States (Urban Areas),Digital Governance / Urban Infrastructure,Ministry of Housing & Urban Affairs / MeitY,Urban Local Bodies / City Residents,"Urban Residents, ULBs, City Administrations",All,No limit,,,All,No income limit,No income limit,,Any,"Urban Local Bodies, Government Officials",Implemented by Urban Local Bodies (ULBs); targets digitally underserved urban populations,Implementation-level scheme; individual citizens benefit via ULB-delivered services,Digital Infrastructure / Citizen Services,Digital infrastructure for cities; citizen service platforms; funding for tech-enabled civic services,"Creates digital infrastructure for urban governance, provides citizen service delivery platforms, funds technology-enabled civic services, and supports smart city governance solutions.",Institutional funding (not individual benefit amount),Ongoing,Implemented via ULB / State Government,Ongoing,https://nudm.gov.in/,https://nudm.gov.in/,N/A for individuals,"ULB registration, Government authorization letters",Policy/infrastructure scheme; benefits citizens indirectly via digital public services.
SKL-001,Pradhan Mantri Kaushal Vikas Yojana (PMKVY 4.0),Central,All States,Skill Development / Employment,Ministry of Skill Development and Entrepreneurship (MSDE) / NSDC,Youth / Job Seekers,"Unemployed Youth, School/College Dropouts, Job Seekers",All,15–45 years,15,45,All,No income limit,No income limit,,Any,"Unemployed, School/College dropouts",Indian citizen aged 15–45 years; unemployed or seeking skill upgrade; school/college dropout or graduate,Must not be currently employed; Aadhaar-linked bank account required; 10th pass preferred for most courses,Free Training / Certification / Financial Stipend,"Free skill training; nationally recognized NSQF certification; placement assistance; ₹8,000 stipend during training","Provides free short-term skill training in industry-relevant job roles under NSQF framework. Includes certification, placement support, and a training stipend of ₹8,000. Covers sectors like IT, healthcare, retail, construction, etc.","₹8,000 stipend during training period",One-time (per training course),Online (skillindiadigital.gov.in / pmkvyofficial.org) / Offline via PMKVY Training Centres,Rolling / Ongoing (FY 2022–2026),https://www.skillindiadigital.gov.in/,https://www.pmkvyofficial.org/,"Aadhaar Card, Educational Certificates","Aadhaar Card, Educational Mark Sheets, Bank Account Details, Passport-size Photo, Residence Proof",PMKVY 4.0 runs 2022–2026. Age limit up to 49 years for some specialized courses.
SKL-002,National Apprenticeship Promotion Scheme (NAPS),Central,All States,Skill Development / Employment,Ministry of Skill Development and Entrepreneurship (MSDE),Youth / Registered Establishments,"Youth (14–21 years), Graduates, Diploma Holders",All,14–21 years,14,21,All,No income limit,No income limit,,Any,"Youth seeking apprenticeship, Registered establishments",Minimum 8th pass; apprenticeship through registered establishments; age 14–21 years,Must register on Apprenticeship India portal; both apprentice and employer need to register,Stipend Support / On-the-Job Training,"Government reimburses 25% of stipend (max ₹1,500/month) to employer; practical on-the-job training; NATS certification","Government shares stipend cost: 25% or ₹1,500/month per apprentice (whichever is less) reimbursed to employer. Apprentices receive practical training and nationally recognized certificates.","Up to ₹1,500/month (government share of stipend)",Monthly (during apprenticeship period),Online (apprenticeshipindia.gov.in),Rolling / Ongoing,https://www.apprenticeshipindia.gov.in/,https://www.apprenticeshipindia.gov.in/,"Aadhaar Card, Educational Certificates","Aadhaar Card, Educational Certificates, Bank Account Details, Photograph",Incentivizes industry to hire apprentices. Both employer and apprentice must register on the portal.
HLT-001,Ayushman Bharat – Pradhan Mantri Jan Arogya Yojana (PM-JAY),Central,All States,Health / Insurance,Ministry of Health and Family Welfare / National Health Authority,Low Income Families (SECC),"BPL Families, Rural/Urban Poor, SECC-listed households",All,No limit (family-based),,,All (SECC priority),SECC / BPL,SECC database / BPL,,Any,All (SECC-listed),Low-income families identified in SECC 2011 database; approximately 50 crore beneficiaries; includes all family members,Beneficiary must be listed in PM-JAY database; Ayushman card required for hospital use,Health Insurance / Cashless Treatment,₹5 lakh health insurance per family per year; cashless treatment at empanelled hospitals; covers pre/post hospitalization; secondary and tertiary care,"Provides ₹5 lakh health coverage per family per year at empanelled government and private hospitals. Covers 1,500+ medical procedures, pre and post-hospitalization expenses, and daycare surgeries. Fully cashless and paperless.","Up to ₹5,00,000 per family per year",Annual coverage (renewable),Online (pmjay.gov.in) / Offline via Common Service Centres / Hospital,Ongoing,https://pmjay.gov.in/,https://pmjay.gov.in/,"Aadhaar Card, Ration Card, Ayushman Card","Aadhaar Card, Ration Card, SECC verification, Photograph",One of the world's largest health insurance programs. Ayushman card can be generated at CSCs or via Ayushman app.
HLT-002,Mission Vatsalya (Child Welfare & Protection),Central,All States,Child Welfare / Social Protection,Ministry of Women and Child Development,Children in Need of Care and Protection,"Orphaned/Destitute Children, Children in difficult circumstances",All,0–18 years,0,18,All,No income limit,No income limit,,N/A,Children / Child Care Institutions,"Children in need of care and protection; orphaned, destitute, or runaway children; children from conflict/disaster",Referred via Child Welfare Committees (CWC) or Juvenile Justice Boards,Protection / Financial Support / Rehabilitation,Child protection services; funding for Child Care Institutions (CCIs); foster care support; sponsorship; awareness programs; aftercare services,"Provides institutional and non-institutional child care services. Supports CCIs with funds. Covers foster care, adoption, sponsorship, and aftercare for children aging out of institutions.","₹2,000–₹4,000/month per child (institutional care support)",Monthly / As needed,Offline (via Child Welfare Committee / District Administration),Ongoing,https://wcd.nic.in/,https://wcd.nic.in/,"Birth Certificate (if available), Identity Documents","CWC referral, Birth Certificate, Medical Records (if any)","Merged scheme covering child protection, CCIs, foster care, and sponsorship under one umbrella."
AGR-001,Sub-Mission on Agricultural Extension (SMAE),Central,All States,Agriculture / Extension Services,Ministry of Agriculture & Farmers Welfare (ATMA),Farmers / FPOs / Extension Agencies,"Farmers, Farmer Producer Organisations, Agriculture Extension Workers",All,18+,18,,All,No strict income limit,Applicable to farmers,,Any,"Farmers, FPOs, Krishi Vigyan Kendras, Extension Agencies","Farmers, FPOs, and extension agencies; institutions running Krishi Melas, farmer workshops, and demonstration programs",Projects submitted through ATMA / state agriculture departments,Training Funding / Awareness Programs,Funding for farmer awareness programs; demonstration events; Krishi Melas; training camps; agricultural extension activities,"Provides financial support for organizing farmer awareness programs, demonstration events, Krishi Melas, and training camps. Supports Farmer Field Schools and exposure visits.",Project-based funding (varies),Annual / Project-based,Offline (via State Agriculture Department / ATMA),Annual (state-wise),https://agricoop.nic.in/,https://agricoop.nic.in/,"Land Records, Farmer Registration, Aadhaar","Farmer ID, Land Records, Bank Account, Aadhaar",Implemented through Agricultural Technology Management Agency (ATMA) at district level.
AGR-002,Rashtriya Krishi Vikas Yojana (RKVY-RAFTAAR),Central,All States,Agriculture / Innovation,Ministry of Agriculture & Farmers Welfare,State Governments / Agri Startups / Institutions,"Farmers, Agri Entrepreneurs, State Agriculture Depts, Startups",All,18+ (for entrepreneurs),18,,All,No income limit,No income limit,,Any,"Farmers, Agri Startups, FPOs, State Governments","State governments, agricultural institutions, agri-startups, and innovators in agriculture sector",RAFTAAR component specifically for startups (agri-preneurs); incubation and innovation funding available,Financial Support / Grant / Innovation Funding,Financial support for agri projects; startup & innovation funding; pilot projects; agri-infrastructure development,"Flexible block grant to states for agriculture development. RAFTAAR component funds agri-startups with up to ₹25 lakh seed funding. Covers innovation events, pilot projects, value chain development.",Up to ₹25 lakh (startup/innovation component); state-level grants vary,Annual / Project-based,Offline (via State Agriculture Dept) / Online for startups via RKVY portal,Annual,https://rkvy.nic.in/,https://rkvy.nic.in/,"Project Proposal, Land Records, Business Plan (for startups)","Project Proposal, Aadhaar, PAN, Business Registration (for startups)",RAFTAAR = Remunerative Approaches for Agriculture and Allied sector Rejuvenation. Incubation support for agri-startups.
INF-001,MPLADS – Members of Parliament Local Area Development Scheme,Central,All States,Infrastructure / Community Development,Ministry of Statistics and Programme Implementation (MoSPI),Local Communities / District Authorities,"Rural and Urban Residents, Local Communities",All,No limit,,,All,No income limit,No income limit,,Any,All citizens (via MP recommendation),Projects proposed by MP for local area development; executed by District Authority; works for public use,Projects must be durable and for public benefit; proposal routed through respective MP's office,Infrastructure / Community Assets,"₹5 crore per MP per year for local development; parks, community halls, public assets, roads, schools, water supply","Each MP can recommend works worth ₹5 crore annually for their constituency. Covers construction of community halls, roads, water supply, parks, schools, and other public infrastructure.",₹5 crore per MP per year,Annual,Offline (via MP's office / District Collector),Annual,https://www.mplads.gov.in/,https://www.mplads.gov.in/,"Project proposal, Land clearance, NOC from local body","Project Proposal, Technical Estimate, Land Documents, NOC",Works executed by District Authority/Local Body. Not a direct individual benefit scheme.
INF-002,MLALADS – MLA Local Area Development Scheme,State,Varies by State,Infrastructure / Community Development,State Legislature / State Finance Department,Local Communities,"Constituency residents, Local Communities",All,No limit,,,All,No income limit,No income limit,,Any,All citizens (via MLA recommendation),Projects proposed by MLA for constituency development; works of public utility,Varies by state; Maharashtra MLA gets approx ₹3 crore/year,Infrastructure / Community Assets,"Funding for community halls, small infrastructure, event spaces, sports grounds, roads","State-level equivalent of MPLADS. MLAs recommend development works in their constituency. Covers community halls, infrastructure, cultural spaces, and event venues.",₹1.5–₹3 crore per MLA per year (varies by state),Annual,Offline (via MLA's office),Annual,,State legislature website (varies),"Project proposal, Land clearance","Project Proposal, Technical Estimate, Land Documents",Amount and rules vary state-to-state. Contact local MLA's office for details.
EDU-001,Samagra Shiksha Abhiyan,Central,All States,Education,Ministry of Education / Department of School Education & Literacy,School Students / Teachers / Government Schools,"School Students (Pre-primary to Class XII), Teachers, Govt Schools",All,3–18 years (school age),3,18,All (SC/ST/OBC/minorities prioritized),No income limit for students,No income limit,,N/A,"Students, Teachers, Govt Schools",Students enrolled in government schools from pre-primary to Class XII; teachers and school administrators,Implemented via state government; individual benefits through government schools,Education / Infrastructure / Learning Support,"School infrastructure funding; free uniforms, books, mid-day meals; learning events; community engagement; teacher training","Integrated scheme covering pre-school to senior secondary education. Funds school infrastructure, provides free textbooks and uniforms, supports mid-day meal programmes, and promotes inclusive quality education.","Free uniforms, books; school infrastructure support (institutional)",Annual,Through Government School enrollment,Ongoing (academic year),https://samagra.education.gov.in/,https://samagra.education.gov.in/,"School enrollment certificate, Aadhaar","Age proof, Address proof, Aadhaar, Caste Certificate (if applicable)","Merger of Sarva Shiksha Abhiyan, Rashtriya Madhyamik Shiksha Abhiyan, and Teacher Education."
EDU-002,Ek Bharat Shreshtha Bharat,Central,All States,Education / Culture / National Integration,Ministry of Education,Schools / Colleges / Cultural Organizations,"Students, Youth, Educational Institutions, Local Bodies",All,School / College age,6,25,All,No income limit,No income limit,,Any,"Students, Teachers, Cultural groups","Schools, colleges, local bodies, and cultural organizations organizing cultural exchange programs and awareness campaigns","Events focus on language, culture, cuisine, and traditions of paired states",Cultural Support / Event Funding,Support for cultural events; awareness campaigns; state-pair exchange programs promoting national integration,"Pairs states for cultural exchange to promote national unity. Funds cultural events, language learning, cuisine exchange, and youth exchange programs between paired states.",Event and activity-based funding (institutional),Annual,Offline (via schools/colleges/local bodies),Annual,https://ekbharat.gov.in/,https://ekbharat.gov.in/,"Institution registration, Event proposal","Institution ID, Event Plan, Participant List",Launched in 2015. Pairs states annually for cultural exchange activities.
WOM-001,Mahila Shakti Kendra,Central,All States,Women Empowerment / Social Development,Ministry of Women and Child Development,Rural and Urban Women,"Women (especially rural), SHG members",Female,18+,18,,All,No income limit,No income limit,,Any,All women,"Rural and urban women; focuses on empowerment, skill training, and awareness",Implemented at block/district level,Skill Training / Awareness / Community Engagement,Skill training programs; health & legal awareness; community engagement; volunteer (SATHIN) network support,"Provides one-stop convergence service for empowering rural women. Offers skill development, digital literacy, health awareness, legal aid, and connects women to government schemes.",Free services / Training,Ongoing,Offline (via Anganwadi / Block office),Ongoing,https://wcd.nic.in/,https://wcd.nic.in/,"Aadhaar Card, Address Proof","Aadhaar Card, Address Proof, Photograph",Works through college student volunteers and community mobilizers.
WOM-002,Stand-Up India Scheme,Central,All States,Entrepreneurship / Women Empowerment / SC/ST,Department of Financial Services / SIDBI / NABARD,Women Entrepreneurs / SC-ST Entrepreneurs,"Women, SC/ST Entrepreneurs starting greenfield enterprises",Female (or SC/ST Male),18+,18,,Women (all castes) / SC/ST,No income limit,No income limit,,Any,Entrepreneurs (first-generation preferred),Women (any caste) or SC/ST (male/female); setting up greenfield enterprise; age 18+; not defaulter to any bank,At least one woman/SC/ST borrower per bank branch; greenfield project (first enterprise),Bank Loan / Credit Facilitation,Composite bank loan ₹10 lakh to ₹1 crore; covers working capital and term loan; CGTMSE/NCGTC guarantee,"Provides composite loans from ₹10 lakh to ₹1 crore for greenfield enterprises in manufacturing, services, or trading sectors. Covers both term loan and working capital. Repayment up to 7 years with moratorium.",₹10 lakh – ₹1 crore (loan),One-time (loan),Online (standupmitra.in) / Offline via Bank Branch,Ongoing,https://www.standupmitra.in/,https://www.standupmitra.in/,"Aadhaar Card, PAN Card, Business Plan","Aadhaar Card, PAN Card, Business Plan/Project Report, Bank Account, Caste Certificate (for SC/ST), Address Proof",At least one SC/ST and one woman entrepreneur must be served per scheduled commercial bank branch.
MOB-001,Metro Rail Policy 2017,Central,All States (Urban),Urban Transport / Infrastructure,Ministry of Housing & Urban Affairs (MoHUA),Urban Commuters / City Administrations,Urban residents in cities with metro population 2 million+,All,No limit,,,All,No income limit,No income limit,,Any,All,Cities must prepare Comprehensive Mobility Plan (CMP); applicable for cities with population over 2 million,Requires UMTA (Unified Metropolitan Transport Authority) formation; alternative analysis mandatory,Infrastructure Funding / Policy Support,Central assistance up to 10–20% of project cost; PPP model support; multi-modal transport integration,"Provides central grants/viability gap funding for metro rail projects. Mandates CMP, UMTA, last-mile connectivity integration. Promotes PPP models. Requires assessment of alternatives before metro approval.",Up to 10–20% of project cost as central grant,Project-based,State Government proposal to MoHUA,Project-based,https://mohua.gov.in/,https://mohua.gov.in/,"CMP, DPR, UMTA formation order","Comprehensive Mobility Plan, Detailed Project Report, State Government resolution",Policy scheme; individual citizens benefit indirectly through improved urban transit.
MOB-002,PRASHAD – Pilgrimage Rejuvenation and Spiritual Heritage Augmentation Drive,Central,All States,Tourism / Heritage Infrastructure,Ministry of Tourism,Pilgrimage Site Authorities / Local Bodies / Tourists,"Religious tourists, pilgrims, ULBs near pilgrim sites",All,No limit,,,All,No income limit,No income limit,,Any,"ULBs, State Tourism Departments, Pilgrimage Site Managers",Panchayats/municipalities near tourist/spiritual sites; state tourism departments; pilgrimage management bodies,Project proposals by state governments; must meet Ministry of Tourism guidelines,Infrastructure Funding,"Funds roads, entry points, drinking water, toilets, lighting, CCTV, tourist facilities at pilgrim sites","Provides financial assistance for holistic development of identified pilgrim and spiritual tourism sites. Includes access roads, footpaths, amenities, safety systems, and visitor facilities.",Project-based central grant (varies),Project-based,State Government proposal to Ministry of Tourism,Project-based,https://tourism.gov.in/,https://tourism.gov.in/,"Project DPR, Site ownership documents","Detailed Project Report, State Government resolution, Site documents",Launched 2014-15. Benefits communities through employment and local economic growth.
MOB-003,Swadesh Darshan 2.0,Central,All States,Tourism / Eco-Tourism / Rural Development,Ministry of Tourism,State Tourism Depts / Local Bodies / Tourism Stakeholders,"Tourists, ULBs, Tourism entrepreneurs",All,No limit,,,All,No income limit,No income limit,,Any,"Tourism businesses, ULBs, State Tourism Departments",State/UT tourism departments; destinations with potential for sustainable tourism development,Destination-centric approach; focus on eco-friendly and sustainable tourism,Infrastructure / Soft Components / Tourism Development,"Funds parks, walkways, rural tourism hubs, eco-paths; promotes domestic tourism; PPP investment support","Upgraded from Swadesh Darshan 1.0. Promotes sustainable tourism destinations with focus on eco-tourism, culture, adventure, rural, and wellness themes. Funds both hard infrastructure and soft components.",Project-based central grant,Project-based,State Government proposal to Ministry of Tourism,Project-based,https://swadeshdarshan.gov.in/,https://swadeshdarshan.gov.in/,"Project DPR, State Tourism policy documents","DPR, State Govt resolution, Land documents","Upgraded version (2.0) from original 2014 scheme. Destination-centric, not circuit-based."
MOB-004,Pradhan Mantri Gram Sadak Yojana (PMGSY),Central,All States (Rural),Rural Infrastructure / Connectivity,Ministry of Rural Development,Rural Residents / Village Communities,Rural habitations without all-weather road connectivity,All,No limit,,,All,No income limit,No income limit,,Any,All rural residents,Unconnected rural habitations with population 500+ (250+ in hill states); state rural roads agencies are implementing agencies,Road must be of public utility; single road connecting habitation to nearest all-weather route,Infrastructure (Road Connectivity),"Construction of all-weather roads; village street upgradation; connectivity to markets, schools, hospitals","Provides all-weather road connectivity to unconnected rural habitations. Includes new construction and upgrading of existing roads to meet standards. Also connects to markets, health centers, and educational institutions.",Infrastructure benefit (no direct monetary benefit to individuals),Project-based,State Government / State Rural Roads Development Agency,Ongoing,https://pmgsy.nic.in/,https://pmgsy.nic.in/,"Village habitation certificate, Land NOC","Gram Panchayat resolution, Land documents, Technical estimates",Launched 2000. Over 7.5 lakh km of rural roads constructed. PMGSY-III (2019) focuses on upgradation.
RUR-001,DAY-NRLM 2.0 – Deendayal Antyodaya Yojana – National Rural Livelihoods Mission,Central,All States (Rural),Livelihood / Rural Poverty Alleviation,Ministry of Rural Development,Rural Poor / SHG Members,"Rural Poor Women, SHG Members, Rural Entrepreneurs",Female (primary); All,18+,18,,All (SC/ST/OBC priority),BPL / SECC,BPL / SECC listed,,Any,"Rural Poor, SHG members",Rural poor families identified via SECC; primarily targets women; organized into Self Help Groups,Must be willing to form/join SHG; household income below poverty line,Livelihood / Credit / Skill / Financial Inclusion,SHG formation and capacity building; credit access via revolving funds; skill training; enterprise development; market linkage,"NRLM 2.0 (2026-2031) focuses on creating high-income rural enterprises from SHGs. Provides revolving funds, credit linkage, skill development, digital inclusion, and market access. Targets financial independence for rural women.","Revolving Fund ₹15,000 per SHG; Community Investment Fund up to ₹2.5 lakh per SHG",SHG-level (periodic),Offline (via Block Mission Management Unit),Ongoing,https://aajeevika.gov.in/,https://aajeevika.gov.in/,"Aadhaar Card, BPL Certificate, Bank Passbook","Aadhaar Card, BPL Certificate, SHG registration, Bank Account, Photograph",NRLM 2.0 formally transitions 2026-2031. 9 crore+ women mobilized in SHGs nationally.
ENV-M001,Swachh Bharat Mission – Urban (SBM-U 2.0),Central,All Metro/Urban Cities,Sanitation / Environment / Urban,Ministry of Housing & Urban Affairs (MoHUA),Urban Households / Urban Local Bodies,"Urban households, waste workers, municipalities",All,18+ (for individual benefits),18,,All,BPL for individual toilet subsidy,BPL (for toilet construction subsidy),,Any,All urban residents; sanitation workers,Urban households without toilet; ULBs for waste management infrastructure; BPL for toilet construction subsidy,Toilet subsidy for BPL households; waste management component for all urban areas,Subsidy / Infrastructure / Behavior Change,"Toilet construction subsidy ₹12,000–₹14,000; solid waste management infrastructure; ODF++ certification support","SBM-U 2.0 (2021-2026) focuses on ODF sustainability, solid waste management, and wastewater treatment. Individual toilet subsidy ₹12,000-14,000 for BPL households. Also covers greywater management and plastic waste reduction.","₹12,000–₹14,000 (toilet construction subsidy for BPL)",One-time (toilet subsidy),Online (swachhbharaturban.gov.in) / Offline via ULB,2025-26,https://swachhbharaturban.gov.in/,https://swachhbharaturban.gov.in/,"Aadhaar Card, BPL Certificate, Land/House Documents","Aadhaar Card, BPL Certificate, House ownership/rental proof, Bank Account",SBM-U 2.0 (2021-2026). Focus shifted from construction to sustainability and wastewater treatment.
ENV-M002,National Clean Air Programme (NCAP),Central,All States (107 non-attainment cities),Environment / Air Quality / Urban,"Ministry of Environment, Forest and Climate Change (MoEFCC)",Urban Population / City Residents,Residents of 107 non-attainment cities with high air pollution,All,No limit,,,All,No income limit,No income limit,,Any,All urban residents,Indirect benefit; cities with PM2.5/PM10 above national standards; implemented by state/city pollution control boards,Policy scheme; funds urban air quality improvement measures,Environmental Improvement / Policy,Reduction in PM2.5 and PM10 levels; improved air quality; funding for monitoring systems and pollution control measures,"National programme to achieve 40% reduction in particulate matter by 2026. Funds air quality monitoring, EV adoption, industrial compliance, dust control, and public awareness in 107 polluted cities.",Institutional funding (no direct individual benefit),Ongoing (5-year target),Implemented via State Pollution Control Boards / ULBs,Target 2026,https://moef.gov.in/,https://moef.gov.in/,N/A (policy scheme),N/A,Target: 40% reduction in PM levels by 2026. 131 cities covered (expanded from initial 102).
ENV-M003,FAME India Scheme Phase II (Faster Adoption and Manufacturing of EVs),Central,All States,Clean Energy / Electric Vehicles / Environment,Ministry of Heavy Industries,EV Buyers / Manufacturers,"Individual EV buyers, fleet operators, public transport authorities",All,18+,18,,All,No income limit,No income limit,,Any,All EV buyers; fleet operators; public transport,"Buyers of eligible electric 2-wheelers, 3-wheelers, 4-wheelers, and buses meeting FAME-II criteria",Vehicle must meet localization requirements; purchased from FAME-II registered dealers,Subsidy / Demand Incentive,"Upfront purchase subsidy on EVs; e-2W: up to ₹15,000; e-3W/buses: higher incentives; charging infrastructure support","Provides demand incentives for electric vehicles. E-2W: up to ₹15,000; e-3W taxis: up to ₹50,000; electric buses: up to ₹20 lakh. Also funds EV charging infrastructure in cities and highways.","₹10,000 – ₹20,00,000 (depending on vehicle category)",One-time (at purchase),Through EV dealer at point of sale,Ongoing (Phase III - PM E-Drive Scheme announced 2024),https://fame2.heavyindustry.gov.in/,https://heavyindustries.gov.in/,"Aadhaar Card, Vehicle Registration","Aadhaar Card, PAN Card, Bank Account, Vehicle Purchase Invoice","FAME II succeeded by PM E-DRIVE scheme in 2024 with ₹10,900 crore outlay. Check latest scheme."
ENV-M004,PM Surya Ghar – Rooftop Solar Programme (Grid Connected),Central,All States,Renewable Energy / Solar / Urban,Ministry of New and Renewable Energy (MNRE),Urban/Rural Households / RWAs / Housing Societies,"Residential households, Housing societies, RWAs",All,18+,18,,All,No income limit,No income limit,,Any,"Homeowners, Housing Societies",Residential households with valid electricity connection and own rooftop space; RWAs for common area installation,Must install grid-connected system through DISCOM-approved vendor,Capital Subsidy / Free Electricity,Up to 40% subsidy on solar panel installation; free electricity up to 300 units/month; net metering credits,"PM Surya Ghar (launched 2024): up to 40% subsidy for 1-2 kW systems, 20% for 2-3 kW. Target 1 crore households. Provides free electricity (up to 300 units/month) and income from surplus solar power via net metering.","Subsidy: ₹30,000–₹78,000 (for 1–3 kW system)",One-time subsidy,Online (pmsuryaghar.gov.in),Ongoing,https://pmsuryaghar.gov.in/,https://mnre.gov.in/,"Electricity Bill, Aadhaar Card, Property Documents","Electricity bill, Aadhaar Card, Bank Account, Property ownership proof, Photograph",Rebranded from Rooftop Solar Phase II to PM Surya Ghar in 2024. Target: 1 crore installations.
ENV-M005,AMRUT 2.0 – Atal Mission for Rejuvenation and Urban Transformation,Central,All States (500+ cities),Urban Infrastructure / Water / Environment,Ministry of Housing & Urban Affairs (MoHUA),Urban Residents / ULBs,"Urban households, residents of 500 cities",All,No limit,,,All,No income limit,No income limit,,Any,All urban residents,Residents of 500 AMRUT cities; ULBs implement projects; individual benefit via improved infrastructure,AMRUT 2.0 focuses on water security – 100% tap connections to all households,Infrastructure / Water Supply / Sanitation / Green Spaces,Water supply connections; sewerage networks; green spaces and parks; urban mobility improvement,"AMRUT 2.0 (2021-2026) aims for water security in 4,700+ cities. Provides 100% household tap water connections, sewerage networks, septage management, and urban green space development including parks.",Infrastructure benefit (₹2.99 lakh crore mission outlay),Project-based,Via ULB / Municipal Corporation,2025-26,https://amrut.gov.in/,https://amrut.gov.in/,N/A (individual); ULB project documents,"ULB project proposal, DPR, land documents","AMRUT 2.0 covers 4,700+ cities vs AMRUT 1.0's 500 cities. Includes parks and open spaces."
ENV-M006,Smart Cities Mission,Central,100 Smart Cities,Urban Development / Technology / Sustainability,Ministry of Housing & Urban Affairs (MoHUA),City Residents / ULBs,Residents of 100 selected smart cities,All,No limit,,,All,No income limit,No income limit,,Any,All,Residents of 100 selected smart cities; projects implemented by Special Purpose Vehicle (SPV),City selection through competitive challenge process; ₹500 crore central funding per city,Digital / Infrastructure / Sustainability / Mobility,Smart waste management; green mobility; energy-efficient buildings; public Wi-Fi; Integrated Command Control Centers,"Provides ₹500 crore per selected city for Area-Based Development and Pan-City initiatives. Covers smart solutions like ICCCs, smart roads, solar energy, cycling infrastructure, and digital citizen services.",₹500 crore per city (central + city share),Project-based,Via Smart City SPV / ULB,Mission period (extended to 2025),https://smartcities.gov.in/,https://smartcities.gov.in/,N/A (city-level implementation),"Smart City Proposal, SPV documents",100 cities selected. Mission extended to 2025. Focus on area-based and pan-city improvements.
ENV-M007,Plastic Waste Management Initiative (Plastic Waste Management Rules 2016/2022),Central,All States,Environment / Waste Management,"Ministry of Environment, Forest and Climate Change (MoEFCC)",Citizens / Businesses / Local Bodies,"All citizens, manufacturers, importers, brand owners",All,18+ (for compliance),18,,All,No income limit,No income limit,,Any,All; especially businesses handling plastics,"All citizens and businesses; mandatory compliance for manufacturers, importers, brand owners of plastic items",Extended Producer Responsibility (EPR) mandatory for plastic producers,Regulatory Compliance / Environmental Benefit,Ban on single-use plastics (effective 2022); EPR framework; recycling promotion; waste collection systems,"Bans 19 categories of single-use plastic items from July 2022. Mandates Extended Producer Responsibility for plastic manufacturers. Promotes plastic waste segregation, collection, and recycling at ULB level.",No direct monetary benefit (regulatory scheme),Ongoing,Compliance via MoEFCC / CPCB portal,Ongoing,https://moef.gov.in/,https://moef.gov.in/,"Business registration, EPR certificate","Business registration, CPCB EPR registration",Single-use plastic ban effective July 2022. EPR framework mandatory for producers.
ENV-M008,Nagar Van Yojana (Urban Green Spaces / City Forest Scheme),Central,All States (Urban Areas),Environment / Urban Greening,"Ministry of Environment, Forest and Climate Change (MoEFCC)",Urban Residents / Municipal Bodies / NGOs,"Urban communities, municipal corporations, civic bodies",All,No limit,,,All,No income limit,No income limit,,Any,"All; NGOs, ULBs, Housing Societies","Municipal corporations, urban local bodies, NGOs, RWAs proposing city forest/green space projects; minimum 10 hectare land available",Must have identified land; project proposal to State Forest Department,Environmental / Green Infrastructure,Development of city forests; biodiversity parks; urban green spaces; ecological restoration of urban land,"Creates Nagar Vans (city forests) across urban India. Provides technical and financial support for developing green spaces, biodiversity parks, and ecological areas in cities. Target: 200 city forests.",₹25–50 lakh per project (central assistance varies),Project-based,State Forest Department / Municipal Corporation,Ongoing,https://moef.gov.in/,https://moef.gov.in/,"Land documents, Project proposal","Land ownership/clearance, Project DPR, Municipal resolution",Target: 200 Nagar Vans by 2024. NGOs and RWAs can partner with municipalities.
ENV-M009,Energy Conservation Building Code (ECBC) Implementation,Central,All States,Energy Efficiency / Green Buildings,"Bureau of Energy Efficiency (BEE), Ministry of Power",Commercial/Institutional Building Owners / Architects,"Commercial buildings >500 sqm, government buildings, architects, builders",All,18+,18,,All,No income limit,No income limit,,Any,"Builders, Architects, Commercial Building Owners",New commercial buildings above 500 sqm; mandatory for government buildings; ECBC+ and super-ECBC for higher efficiency,States must adopt ECBC in building byelaws; currently mandatory in ~25 states,Energy Savings / Compliance,25–50% energy savings in buildings; green building certification; ECO Niwas Samhita for residential,Mandates energy-efficient building design for commercial buildings. ECBC compliance results in 25-50% energy savings. ECO Niwas Samhita (residential ECBC) promotes energy efficiency in homes. BEE provides technical support.,Energy cost savings (₹2–4 lakh/year for typical commercial building),Ongoing (annual energy savings),Through building permit process / State Building Authority,Ongoing,https://beeindia.gov.in/,https://beeindia.gov.in/,"Building plans, Energy compliance certificate","Building plans, Energy audit report, Architect certification",Mandatory for commercial buildings >500 sqm in states that have adopted ECBC.
GRN-001,National Mission for Green India (Green India Mission),Central,All States,Environment / Afforestation / Ecosystem,"Ministry of Environment, Forest and Climate Change (MoEFCC)",State Forest Depts / Local Communities / NGOs,"Communities near forests, tribal communities, NGOs, forest departments",All,No limit,,,All (tribal communities prioritized),No income limit,No income limit,,Any,"Forest workers, tribal communities, NGOs","State forest departments, tribal communities, and NGOs; focus on degraded forests and non-forest ecosystems",Target: increase forest/tree cover by 5 million hectares,Afforestation / Ecosystem Services / Livelihood,Funding for afforestation; urban greening; eco-restoration; community livelihood through forest-based activities,"Aims to increase forest/tree cover by 5 million hectares. Provides funding for afforestation of degraded forests, grasslands, and urban areas. Supports community forest management and ecosystem service enhancement.",Project-based (institutional funding),Annual / Project-based,State Forest Department / MoEFCC,Ongoing,https://moef.gov.in/,https://moef.gov.in/,"Land records, Project proposal","Project DPR, Land records, Community resolution",One of India's 8 National Action Plan on Climate Change missions.
GRN-002,CAMPA – Compensatory Afforestation Fund Management and Planning Authority,Central,All States,Environment / Afforestation,"Ministry of Environment, Forest and Climate Change (MoEFCC)",State Forest Departments / Local Gram Panchayats,"Forest-dependent communities, tribal populations",All,No limit,,,All (tribal communities),No income limit,No income limit,,Any,"Forest workers, tribal communities",State forest departments submit afforestation proposals; funds from entities diverting forest land for non-forest use,70% funds to states; 30% to central; only for afforestation and forest management activities,Afforestation / Forest Management / Livelihood,Funding for compensatory afforestation; assisted natural regeneration; forest protection; wildlife management,"Manages funds collected as compensation when forest land is diverted. Funds tree plantation, forest management, eco-restoration, and livelihood activities in forest areas. ₹60,000+ crore corpus.",Institutional funding (no direct individual benefit),Annual,State CAMPA / State Forest Department,Annual,https://campa.gov.in/,https://campa.gov.in/,"Land records, Afforestation plan","Afforestation proposal, Land documents",CAMPA Act 2016. Funds compensatory afforestation when forests are diverted for development projects.
SPT-001,Khelo India Scheme (Khelo India Youth Games),Central,All States,Sports / Youth Development,Ministry of Youth Affairs and Sports,Athletes / Schools / Sports Institutions,"School children (5–18), Athletes, Sports Academies, Physical education teachers",All,Under 18 (for youth games),5,21,All,No income limit,No income limit,,Any,"Students, Young Athletes",Young athletes up to 18–21 years; schools and sports institutions; talented athletes from rural/semi-urban areas,Khelo India Athletes (KIA) receive ₹6.28 lakh/year scholarship for 8 years; selection via competition,Scholarship / Infrastructure / Training,Annual scholarship ₹6.28 lakh for selected athletes; sports infrastructure development at grassroots; coaching support; mass participation programs,"Promotes mass participation in sports and identifies talent at school level. Provides ₹6.28 lakh/year scholarship to Khelo India Athletes for 8 years. Funds playground renovation, sports equipment, and Small Centres of Excellence.",₹6.28 lakh/year (KIA scholarship); infrastructure grants vary,Annual (scholarship); Project-based (infrastructure),Online (kheloindia.gov.in) / Through schools and sports bodies,Annual selection,https://kheloindia.gov.in/,https://kheloindia.gov.in/,"Aadhaar Card, Age proof, Sports achievement certificates","Aadhaar Card, Age proof, Passport photo, Sports certificates, School ID",KIYG (Youth Games) and KIUG (University Games) held annually. Covers 26 sports disciplines.
HOU-001,Pradhan Mantri Awas Yojana – Urban (PMAY-U 2.0),Central,All States (Urban),Housing / Urban Development,Ministry of Housing & Urban Affairs (MoHUA),EWS / LIG / MIG Families,"Economically Weaker Section (EWS), Low Income Group (LIG), Middle Income Group (MIG)",All (female co-ownership preferred),18+,18,70,All (SC/ST/OBC/minorities/differently-abled prioritized),Income-based,EWS: up to ₹3 lakh/year; LIG: ₹3–6 lakh; MIG-I: ₹6–12 lakh; MIG-II: ₹12–18 lakh,1800000,Any (head of household),All,Must not own a pucca house anywhere in India; family must not have availed central housing scheme before; must be urban resident,EWS/LIG: in-situ slum rehabilitation or beneficiary-led construction; MIG: credit-linked subsidy on home loans,Housing Subsidy / Credit Linked Subsidy,Interest subsidy on home loan (CLSS); direct subsidy for house construction; in-situ slum rehabilitation,"PMAY-U 2.0 (2024-2029) targets 1 crore urban poor with pucca houses. Provides Central Assistance of ₹1.5 lakh (EWS/LIG), ₹1.8 lakh (MIG). Credit Linked Subsidy Scheme (CLSS) offers subsidy on home loans.",EWS/LIG: ₹1.5 lakh subsidy; MIG: ₹1.8 lakh subsidy; CLSS: ₹2.35–2.67 lakh interest subsidy,One-time,Online (pmaymis.gov.in) / Offline via ULB,2028-29,https://pmaymis.gov.in/,https://pmaymis.gov.in/,"Aadhaar Card, Income Certificate, No property ownership certificate","Aadhaar Card, Income certificate, Address proof, Bank account, Property documents (if applicable), Photograph",Female co-ownership mandatory for EWS/LIG. Must not own pucca house in India. PMAY-U 2.0 launched 2024.
HLT-003,Mahatma Jyotiba Phule Jan Arogya Yojana (MJPJAY) – Maharashtra,State,Maharashtra,Health / Insurance,Government of Maharashtra / Department of Public Health,BPL / Yellow Ration Card Holders / Farmers (Maharashtra),"BPL families, Yellow/Orange ration card holders, farmers in debt",All,No limit,,,All,BPL / Ration Card,Yellow/Orange ration card holders; also white card in some cases,,Any,All (farmers in debt specifically covered),Maharashtra resident; Yellow/Orange ration card holder; BPL or low-income family; farmers under agriculture loan distress,Coverage extends to include Ayushman Bharat PM-JAY beneficiaries in Maharashtra,Health Insurance / Cashless Treatment,"₹5 lakh health coverage per family per year; 1,000+ medical procedures covered; cashless treatment at empanelled hospitals",State scheme providing ₹5 lakh cashless health coverage for 996+ procedures. Covers BPL families with Yellow/Orange ration cards. Recently extended to White ration card holders in some districts. Integrated with Ayushman Bharat.,"Up to ₹5,00,000 per family per year",Annual coverage,Online (jeevandayee.gov.in) / Hospital enrollment,Ongoing,https://www.jeevandayee.gov.in/,https://www.jeevandayee.gov.in/,"Ration Card (Yellow/Orange), Aadhaar Card, Maharashtra domicile","Aadhaar Card, Ration Card, Maharashtra Domicile Certificate, Bank Account",Maharashtra-specific scheme. Also covers debt-distressed farmers' families. Integrated with Ayushman Bharat.
SKL-003,Skill India Mission (National Skill Development Mission),Central,All States,Skill Development / Employment,Ministry of Skill Development and Entrepreneurship (MSDE) / NSDC,Youth / Working Population,"Youth, Working adults, Rural and urban population seeking skill upgradation",All,15–45 years,15,45,All,No income limit,No income limit,,Any,All (unemployed preferred),"Indian citizens seeking skill development; covers multiple sub-schemes including PMKVY, NAPS, Jan Shikshan Sansthan, etc.","Umbrella mission housing PMKVY, NAPS, and other skill development initiatives",Skill Training / Certification / Employment,Skill development ecosystem with NSQF-aligned courses; Recognition of Prior Learning (RPL); industry partnerships; placement support,"Umbrella mission to skill 40 crore people by 2022 (target extended). Houses PMKVY, NAPS, Jan Shikshan Sansthan, and other components. Provides skill development, certification, and employment linkages across sectors.","Varies by component scheme (training stipend, certification, placement support)",Component-wise,Online (skillindiadigital.gov.in),Ongoing,https://www.skillindiadigital.gov.in/,https://www.msde.gov.in/,"Aadhaar Card, Educational Certificates","Aadhaar Card, Educational Certificates, Bank Account","Mission launched 2015. Houses PMKVY, NAPS, and other skill programs as sub-components."
TRN-001,Delhi Free Bus Travel for Women Scheme,State,Delhi,Urban Transport / Women Empowerment,Government of Delhi / Delhi Transport Corporation (DTC),Women (Delhi Residents),All women residing in Delhi,Female,No limit,,,All,No income limit,No income limit,,Any,All,Any woman traveling in Delhi in DTC/cluster buses; simply board the bus and request pink ticket,Valid in DTC and cluster buses only; not applicable for Metro,Free Travel / Transport Subsidy,Free unlimited travel in DTC and cluster buses; pink ticket issued at no cost,Women can travel free in all Delhi DTC and cluster buses by requesting a 'pink ticket' at no charge. Scheme launched October 2019 to ensure safe and affordable mobility for women in Delhi.,Free bus travel (equivalent to bus fare saved),Per trip (ongoing),No application needed; board DTC/cluster bus and request pink ticket,Ongoing,https://transport.delhi.gov.in/,https://transport.delhi.gov.in/,No documents required,No documents required; just board the bus,Launched October 2019. Applicable in DTC and cluster buses only. Not valid for Delhi Metro.
